chill	Chill Bill (feat. J. Davi$ & Spooks)	5uDASfU19gDxSjW8cnCaBp	82	2016	0.0312	https://api.spotify.com/v1/audio-analysis/5uDASfU19gDxSjW8cnCaBp	0.886	177184	0.427	0.00099	6	0.0906	-10.028	1	0.145	108.034	4	https://api.spotify.com/v1/tracks/5uDASfU19gDxSjW8cnCaBp	0.23
chill	Get Me	5dwOlLBaDeFAE5pGsXLT7e	2	2022	0.0493	https://api.spotify.com/v1/audio-analysis/5dwOlLBaDeFAE5pGsXLT7e	0.829	185419	0.503	0.0000532	6	0.107	-6.94	0	0.133	109.283	5	https://api.spotify.com/v1/tracks/5dwOlLBaDeFAE5pGsXLT7e	0.787
chill	Chill Bro (From "Pattas")	1EKvufWHnlZbGZGMDg3NYR	56	2019	0.18	https://api.spotify.com/v1/audio-analysis/1EKvufWHnlZbGZGMDg3NYR	0.73	239990	0.904	0.000348	7	0.121	-4.223	1	0.247	160.07	4	https://api.spotify.com/v1/tracks/1EKvufWHnlZbGZGMDg3NYR	0.464
chill	Raataan Chill Mix - Spotify Singles (Tanishk Bagchi, Jubin Nautiyal, Hanita Bhambri)	0yIUl79oGZKSYeLY1KEOxP	68	2021	0.88	https://api.spotify.com/v1/audio-analysis/0yIUl79oGZKSYeLY1KEOxP	0.602	154620	0.495	0.00000378	10	0.385	-7.652	1	0.0334	80.031	4	https://api.spotify.com/v1/tracks/0yIUl79oGZKSYeLY1KEOxP	0.358
chill	She Said (Big Jet Plane)	3HeZam86SuxGp1wZ3XMIjE	71	2021	0.108	https://api.spotify.com/v1/audio-analysis/3HeZam86SuxGp1wZ3XMIjE	0.808	173750	0.538	0.0743	0	0.0555	-10.211	0	0.0608	108.026	4	https://api.spotify.com/v1/tracks/3HeZam86SuxGp1wZ3XMIjE	0.416
chill	Chillin' Like a Villain	1rM0CnyUiiw6A9CHJRXjZA	69	2017	0.0318	https://api.spotify.com/v1/audio-analysis/1rM0CnyUiiw6A9CHJRXjZA	0.697	193792	0.775	0	8	0.232	-6.664	1	0.083	113.886	4	https://api.spotify.com/v1/tracks/1rM0CnyUiiw6A9CHJRXjZA	0.826
chill	Because You Move Me	05GvwwTLLID738BbKN1ze0	80	2017	0.691	https://api.spotify.com/v1/audio-analysis/05GvwwTLLID738BbKN1ze0	0.789	196375	0.435	0.0418	2	0.107	-9.506	0	0.149	122.995	4	https://api.spotify.com/v1/tracks/05GvwwTLLID738BbKN1ze0	0.166
chill	Chillumani Kayalinte (From "Upacharapoorvam Gunda Jayan")	00C3fkDR1VNYMycYgqGhLW	29	2022	0.583	https://api.spotify.com/v1/audio-analysis/00C3fkDR1VNYMycYgqGhLW	0.889	212644	0.433	0.000136	0	0.167	-5.971	0	0.0547	142.501	3	https://api.spotify.com/v1/tracks/00C3fkDR1VNYMycYgqGhLW	0.858
chill	All I Can Think About Is You	5Etc0BodXDUodtXYcwaNwv	6	2022	0.157	https://api.spotify.com/v1/audio-analysis/5Etc0BodXDUodtXYcwaNwv	0.352	274587	0.711	0.701	5	0.0683	-6.412	1	0.0334	73.161	4	https://api.spotify.com/v1/tracks/5Etc0BodXDUodtXYcwaNwv	0.422
chill	Stolen Dance	34xGLuxM0rkxhCVyMSqwJO	82	2013	0.427	https://api.spotify.com/v1/audio-analysis/34xGLuxM0rkxhCVyMSqwJO	0.884	313684	0.581	0.000206	11	0.0759	-8.813	1	0.0378	114.016	4	https://api.spotify.com/v1/tracks/34xGLuxM0rkxhCVyMSqwJO	0.728
chill	Chilly	6H3TW6uEe3RxW8CcnXJfq2	64	2017	0.617	https://api.spotify.com/v1/audio-analysis/6H3TW6uEe3RxW8CcnXJfq2	0.734	230000	0.271	0.00000527	7	0.101	-11.932	1	0.382	103.241	3	https://api.spotify.com/v1/tracks/6H3TW6uEe3RxW8CcnXJfq2	0.237
chill	U.F.O.	7gQRoJ2Zq6XtYSIchzBjYg	3	2022	0.731	https://api.spotify.com/v1/audio-analysis/7gQRoJ2Zq6XtYSIchzBjYg	0.216	137820	0.395	0.0167	7	0.338	-11.791	1	0.0361	83.697	3	https://api.spotify.com/v1/tracks/7gQRoJ2Zq6XtYSIchzBjYg	0.206
chill	Under the Sun	7IabOF0F1Cx4eWe7FjdpzN	59	2021	0.533	https://api.spotify.com/v1/audio-analysis/7IabOF0F1Cx4eWe7FjdpzN	0.702	234107	0.61	0.000631	5	0.379	-10.075	1	0.0368	119.975	4	https://api.spotify.com/v1/tracks/7IabOF0F1Cx4eWe7FjdpzN	0.332
chill	Chill	5NwA0hLKYsFcU3FVD5hD03	59	2021	0.424	https://api.spotify.com/v1/audio-analysis/5NwA0hLKYsFcU3FVD5hD03	0.823	177000	0.454	0	1	0.0975	-13.504	0	0.387	152.046	4	https://api.spotify.com/v1/tracks/5NwA0hLKYsFcU3FVD5hD03	0.342
chill	deja vu	3yv0tI7OP8v87vDZ7Ek8Y4	5	2022	0.593	https://api.spotify.com/v1/audio-analysis/3yv0tI7OP8v87vDZ7Ek8Y4	0.439	215508	0.61	0.0000107	9	0.341	-7.236	1	0.116	181.088	4	https://api.spotify.com/v1/tracks/3yv0tI7OP8v87vDZ7Ek8Y4	0.172
chill	Paris in the Rain	41CgzGD7xlgnJe14R4cqkL	77	2018	0.771	https://api.spotify.com/v1/audio-analysis/41CgzGD7xlgnJe14R4cqkL	0.426	204712	0.408	0.00000788	3	0.394	-9.419	1	0.0524	76.309	4	https://api.spotify.com/v1/tracks/41CgzGD7xlgnJe14R4cqkL	0.528
chill	Chills	7tN0ceaX3JAz6aVtyXn9mn	63	2019	0.00483	https://api.spotify.com/v1/audio-analysis/7tN0ceaX3JAz6aVtyXn9mn	0.615	165597	0.689	0	1	0.177	-5.332	1	0.0658	162.919	4	https://api.spotify.com/v1/tracks/7tN0ceaX3JAz6aVtyXn9mn	0.783
chill	abcdefu (chill)	35ItRZq3osgMaH9Nruwp7N	10	2022	0.0405	https://api.spotify.com/v1/audio-analysis/35ItRZq3osgMaH9Nruwp7N	0.554	176766	0.429	0	1	0.23	-7.687	0	0.0334	112.899	4	https://api.spotify.com/v1/tracks/35ItRZq3osgMaH9Nruwp7N	0.195
chill	Feel This Way	5vOUYERtWnw7CfrxktLrK2	68	2021	0.528	https://api.spotify.com/v1/audio-analysis/5vOUYERtWnw7CfrxktLrK2	0.757	220645	0.405	0.126	10	0.1	-13.709	1	0.117	124.014	4	https://api.spotify.com/v1/tracks/5vOUYERtWnw7CfrxktLrK2	0.0537
chill	Come Through and Chill (feat. J. Cole & Salaam Remi)	1m8WpLYXEiNVZchsWEcCSy	74	2017	0.158	https://api.spotify.com/v1/audio-analysis/1m8WpLYXEiNVZchsWEcCSy	0.461	322000	0.653	0	6	0.197	-8.617	1	0.327	81.628	1	https://api.spotify.com/v1/tracks/1m8WpLYXEiNVZchsWEcCSy	0.588
chill	Can We Kiss Forever?	58wyJLv6yH1La9NIZPl3ne	82	2018	0.894	https://api.spotify.com/v1/audio-analysis/58wyJLv6yH1La9NIZPl3ne	0.522	187932	0.128	0.026	4	0.0941	-18.717	1	0.0357	109.986	4	https://api.spotify.com/v1/tracks/58wyJLv6yH1La9NIZPl3ne	0.124
chill	Chills - Dark Version	6g6hQOcDSt9IR2wAMCxr2M	64	2020	0.0632	https://api.spotify.com/v1/audio-analysis/6g6hQOcDSt9IR2wAMCxr2M	0.371	136483	0.821	0.00429	11	0.136	-4.371	0	0.0944	90.405	4	https://api.spotify.com/v1/tracks/6g6hQOcDSt9IR2wAMCxr2M	0.261
chill	Jocelyn Flores	7m9OqQk4RVRkw9JJdeAw96	89	2017	0.469	https://api.spotify.com/v1/audio-analysis/7m9OqQk4RVRkw9JJdeAw96	0.872	119133	0.391	0.00000413	0	0.297	-9.144	0	0.242	134.021	4	https://api.spotify.com/v1/tracks/7m9OqQk4RVRkw9JJdeAw96	0.437
chill	Chill Out	0nMxLCjvrTAdV9eRnnuP4f	59	2022	0.419	https://api.spotify.com/v1/audio-analysis/0nMxLCjvrTAdV9eRnnuP4f	0.715	211967	0.419	0.824	10	0.0724	-12.322	0	0.0354	122.006	4	https://api.spotify.com/v1/tracks/0nMxLCjvrTAdV9eRnnuP4f	0.251
chill	Heat Waves	02MWAaffLxlfxAUY7c5dvx	96	2020	0.44	https://api.spotify.com/v1/audio-analysis/02MWAaffLxlfxAUY7c5dvx	0.761	238805	0.525	0.0000067	11	0.0921	-6.9	1	0.0944	80.87	4	https://api.spotify.com/v1/tracks/02MWAaffLxlfxAUY7c5dvx	0.531
chill	Chill Day	5dTiWDCLrInxfUwhLQZ5Em	61	2017	0.0854	https://api.spotify.com/v1/audio-analysis/5dTiWDCLrInxfUwhLQZ5Em	0.722	186070	0.386	0.943	11	0.0973	-7.658	0	0.0541	160.003	4	https://api.spotify.com/v1/tracks/5dTiWDCLrInxfUwhLQZ5Em	0.385
chill	Something About You (with Rudimental) - Chill Mix	6sgqf4wXFWSAmjL1TEXNvZ	70	2019	0.365	https://api.spotify.com/v1/audio-analysis/6sgqf4wXFWSAmjL1TEXNvZ	0.8	166534	0.516	0.00206	6	0.134	-8.076	0	0.127	106.122	4	https://api.spotify.com/v1/tracks/6sgqf4wXFWSAmjL1TEXNvZ	0.443
chill	Cold Heart - PNAU Remix	6zSpb8dQRaw0M1dK8PBwQz	96	2021	0.034	https://api.spotify.com/v1/audio-analysis/6zSpb8dQRaw0M1dK8PBwQz	0.796	202735	0.798	0.0000419	1	0.0952	-6.312	1	0.0317	116.032	4	https://api.spotify.com/v1/tracks/6zSpb8dQRaw0M1dK8PBwQz	0.942
chill	Chillax (feat. Ky-Mani Marley)	1lxswgIpzV6HhENRvkflES	75	2015	0.0724	https://api.spotify.com/v1/audio-analysis/1lxswgIpzV6HhENRvkflES	0.827	197840	0.646	0	1	0.247	-4.727	0	0.0766	92.057	4	https://api.spotify.com/v1/tracks/1lxswgIpzV6HhENRvkflES	0.512
chill	Bad Things	103C4Dq4hzTy7IcjYpf5Ek	1	2022	0.232	https://api.spotify.com/v1/audio-analysis/103C4Dq4hzTy7IcjYpf5Ek	0.679	239289	0.697	0	2	0.178	-4.75	1	0.14	137.816	4	https://api.spotify.com/v1/tracks/103C4Dq4hzTy7IcjYpf5Ek	0.287
chill	Chill Bill REMIX (feat. D.R.A.M., Denzel Curry & Cousin Stizz)	2Vo3sVSCltAaYU1u0f9ASz	61	2016	0.0336	https://api.spotify.com/v1/audio-analysis/2Vo3sVSCltAaYU1u0f9ASz	0.828	242653	0.49	0.0000271	11	0.0867	-9.278	1	0.0593	107.968	4	https://api.spotify.com/v1/tracks/2Vo3sVSCltAaYU1u0f9ASz	0.279
chill	Chilluranthal	6qClBQRGv23XWyH0X8hUjy	43	2016	0.525	https://api.spotify.com/v1/audio-analysis/6qClBQRGv23XWyH0X8hUjy	0.522	303594	0.418	0.00102	6	0.0998	-10.262	0	0.0927	169.957	4	https://api.spotify.com/v1/tracks/6qClBQRGv23XWyH0X8hUjy	0.787
chill	Animals	3h2Vf8YkyXO6hF8AmzpAgJ	0	2022	0.00017	https://api.spotify.com/v1/audio-analysis/3h2Vf8YkyXO6hF8AmzpAgJ	0.458	230160	0.738	0	4	0.656	-6.427	0	0.0511	189.97	4	https://api.spotify.com/v1/tracks/3h2Vf8YkyXO6hF8AmzpAgJ	0.349
chill	Alone	4p1NHiFP4PfV7eW1183Ej9	66	2015	0.595	https://api.spotify.com/v1/audio-analysis/4p1NHiFP4PfV7eW1183Ej9	0.772	273162	0.745	0.87	11	0.117	-10.194	1	0.0405	116.014	4	https://api.spotify.com/v1/tracks/4p1NHiFP4PfV7eW1183Ej9	0.166
chill	Chilling By The Window	5sqdPEa8MlrOoIXKMtdBO4	61	2021	0.0739	https://api.spotify.com/v1/audio-analysis/5sqdPEa8MlrOoIXKMtdBO4	0.645	116589	0.374	0.76	6	0.108	-16.055	0	0.0394	140.015	4	https://api.spotify.com/v1/tracks/5sqdPEa8MlrOoIXKMtdBO4	0.222
chill	Where Are You Now	3uUuGVFu1V7jTQL60S1r8z	97	2021	0.515	https://api.spotify.com/v1/audio-analysis/3uUuGVFu1V7jTQL60S1r8z	0.671	148197	0.636	0.000411	6	0.172	-8.117	0	0.103	120.966	4	https://api.spotify.com/v1/tracks/3uUuGVFu1V7jTQL60S1r8z	0.262
chill	Chillax	3EPxiSj3RsjMMdKCM7pthV	58	2011	0.503	https://api.spotify.com/v1/audio-analysis/3EPxiSj3RsjMMdKCM7pthV	0.691	265853	0.855	0.0000537	7	0.264	-6.841	1	0.161	75.003	4	https://api.spotify.com/v1/tracks/3EPxiSj3RsjMMdKCM7pthV	0.847
chill	Wonder	4NauEosFwJL2nWcDCLxWyd	0	2022	0.131	https://api.spotify.com/v1/audio-analysis/4NauEosFwJL2nWcDCLxWyd	0.333	172693	0.637	0.000018	1	0.149	-4.904	0	0.0581	139.898	4	https://api.spotify.com/v1/tracks/4NauEosFwJL2nWcDCLxWyd	0.132
chill	The Last Goodbye (feat. Bettye LaVette)	4XeIiGpUBshIfs9yrBDVZC	80	2022	0.00752	https://api.spotify.com/v1/audio-analysis/4XeIiGpUBshIfs9yrBDVZC	0.667	358983	0.92	0.00232	9	0.126	-2.71	1	0.0773	114.977	4	https://api.spotify.com/v1/tracks/4XeIiGpUBshIfs9yrBDVZC	0.146
chill	Chill Rain	53gaMfQW5gdchpeDNAHMsU	60	2018	0.589	https://api.spotify.com/v1/audio-analysis/53gaMfQW5gdchpeDNAHMsU	0.533	169533	0.569	0.924	5	0.444	-6.925	0	0.467	181.817	4	https://api.spotify.com/v1/tracks/53gaMfQW5gdchpeDNAHMsU	0.194
chill	This Love	6LsDknonYAqxmqxvtobjuR	9	2022	0.0606	https://api.spotify.com/v1/audio-analysis/6LsDknonYAqxmqxvtobjuR	0.712	205747	0.868	0	5	0.0897	-4.098	0	0.038	95.041	4	https://api.spotify.com/v1/tracks/6LsDknonYAqxmqxvtobjuR	0.758
chill	Riptide	3JvrhDOgAt6p7K8mDyZwRd	83	2014	0.431	https://api.spotify.com/v1/audio-analysis/3JvrhDOgAt6p7K8mDyZwRd	0.484	204280	0.731	0	1	0.151	-6.694	1	0.0379	101.654	4	https://api.spotify.com/v1/tracks/3JvrhDOgAt6p7K8mDyZwRd	0.51
chill	Chill Gaming	2DqPd8uAF1LG7dXJ6l08zB	30	2021	0.242	https://api.spotify.com/v1/audio-analysis/2DqPd8uAF1LG7dXJ6l08zB	0.72	100376	0.234	0.658	2	0.0725	-11.758	1	0.0659	163.248	4	https://api.spotify.com/v1/tracks/2DqPd8uAF1LG7dXJ6l08zB	0.154
chill	POP STAR	2JmQgxBgBin2KN1IEkpYqG	10	2022	0.0242	https://api.spotify.com/v1/audio-analysis/2JmQgxBgBin2KN1IEkpYqG	0.815	183145	0.76	0	6	0.203	-4.632	1	0.331	81.537	4	https://api.spotify.com/v1/tracks/2JmQgxBgBin2KN1IEkpYqG	0.729
chill	Easy On Me	0gplL1WMoJ6iYaPgMCL0gX	95	2021	0.578	https://api.spotify.com/v1/audio-analysis/0gplL1WMoJ6iYaPgMCL0gX	0.604	224695	0.366	0	5	0.133	-7.519	1	0.0282	141.981	4	https://api.spotify.com/v1/tracks/0gplL1WMoJ6iYaPgMCL0gX	0.13
chill	Chillin' Chillin'	6g5nc2mO1KFqd2XbneHshB	58	2021	0.0283	https://api.spotify.com/v1/audio-analysis/6g5nc2mO1KFqd2XbneHshB	0.584	206600	0.897	0	9	0.0687	-2.795	1	0.108	170.001	4	https://api.spotify.com/v1/tracks/6g5nc2mO1KFqd2XbneHshB	0.701
chill	Young And Beautiful	2nK8YWfFdymoejlCiVNamP	1	2022	0.269	https://api.spotify.com/v1/audio-analysis/2nK8YWfFdymoejlCiVNamP	0.326	236053	0.416	0.0000336	11	0.11	-8.92	0	0.0352	114.458	4	https://api.spotify.com/v1/tracks/2nK8YWfFdymoejlCiVNamP	0.153
chill	love nwantiti (ah ah ah)	2Xr1dTzJee307rmrkt8c0g	93	2019	0.365	https://api.spotify.com/v1/audio-analysis/2Xr1dTzJee307rmrkt8c0g	0.727	145800	0.739	0.00137	8	0.161	-3.805	1	0.0411	93.005	4	https://api.spotify.com/v1/tracks/2Xr1dTzJee307rmrkt8c0g	0.533
chill	Chills	44aMB5yGZL7k4AmpMYectd	58	2018	0.685	https://api.spotify.com/v1/audio-analysis/44aMB5yGZL7k4AmpMYectd	0.367	145667	0.631	0	11	0.124	-6.647	0	0.435	180.059	4	https://api.spotify.com/v1/tracks/44aMB5yGZL7k4AmpMYectd	0.5
chill	Mercy	4CyRKy6eqrSeat9cJouHwJ	9	2022	0.126	https://api.spotify.com/v1/audio-analysis/4CyRKy6eqrSeat9cJouHwJ	0.554	208733	0.662	0	11	0.111	-4.957	0	0.0821	148.122	4	https://api.spotify.com/v1/tracks/4CyRKy6eqrSeat9cJouHwJ	0.338
chill	Chill Calling	2icVMtiC4OalZXYJTnynlu	60	2018	0.171	https://api.spotify.com/v1/audio-analysis/2icVMtiC4OalZXYJTnynlu	0.645	99474	0.272	0	8	0.337	-17.213	1	0.343	110.479	4	https://api.spotify.com/v1/tracks/2icVMtiC4OalZXYJTnynlu	0.358
chill	Cold Heart - PNAU Remix	1V5A3MwdWdbYeKu4HDqHtH	0	2022	0.034	https://api.spotify.com/v1/audio-analysis/1V5A3MwdWdbYeKu4HDqHtH	0.796	202735	0.798	0.0000419	1	0.0952	-6.312	1	0.0317	116.032	4	https://api.spotify.com/v1/tracks/1V5A3MwdWdbYeKu4HDqHtH	0.942
chill	Time After Time	3hEPKX4FgfYPhBjSw1Nejq	73	2020	0.215	https://api.spotify.com/v1/audio-analysis/3hEPKX4FgfYPhBjSw1Nejq	0.609	161053	0.635	0.0000488	11	0.424	-7.151	0	0.24	116.063	4	https://api.spotify.com/v1/tracks/3hEPKX4FgfYPhBjSw1Nejq	0.278
chill	Chillane	4dTXygPops6p7ZOFToAD2u	38	2011	0.369	https://api.spotify.com/v1/audio-analysis/4dTXygPops6p7ZOFToAD2u	0.572	230107	0.785	0.0164	0	0.0983	-7.46	1	0.0361	124.942	4	https://api.spotify.com/v1/tracks/4dTXygPops6p7ZOFToAD2u	0.143
chill	Taking A Walk	45tE3w81UMof66WpFaPxc5	12	2022	0.68	https://api.spotify.com/v1/audio-analysis/45tE3w81UMof66WpFaPxc5	0.767	121680	0.538	0	0	0.192	-6.044	0	0.052	81.029	4	https://api.spotify.com/v1/tracks/45tE3w81UMof66WpFaPxc5	0.343
chill	ily (i love you baby) (feat. Emilee)	62aP9fBQKYKxi7PDXwcUAS	83	2019	0.0686	https://api.spotify.com/v1/audio-analysis/62aP9fBQKYKxi7PDXwcUAS	0.674	176547	0.774	0.00188	11	0.393	-7.567	0	0.0892	112.05	4	https://api.spotify.com/v1/tracks/62aP9fBQKYKxi7PDXwcUAS	0.33
chill	Chill Music	3uoEUfiInQnqpiMLPgrsy4	24	2022	0.589	https://api.spotify.com/v1/audio-analysis/3uoEUfiInQnqpiMLPgrsy4	0.875	101647	0.332	0.929	5	0.111	-11.209	0	0.155	84.989	4	https://api.spotify.com/v1/tracks/3uoEUfiInQnqpiMLPgrsy4	0.402
chill	Excitement	2eB4ocSCVTqFpOF5xt2LZw	7	2022	0.0263	https://api.spotify.com/v1/audio-analysis/2eB4ocSCVTqFpOF5xt2LZw	0.474	283270	0.681	0.0000427	4	0.0972	-3.473	0	0.038	121.96	4	https://api.spotify.com/v1/tracks/2eB4ocSCVTqFpOF5xt2LZw	0.0384
chill	Self Care	5bJ1DrEM4hNCafcDd1oxHx	85	2018	0.367	https://api.spotify.com/v1/audio-analysis/5bJ1DrEM4hNCafcDd1oxHx	0.52	345133	0.538	0.00187	1	0.119	-8.109	1	0.206	141.894	4	https://api.spotify.com/v1/tracks/5bJ1DrEM4hNCafcDd1oxHx	0.177
chill	Adiós	3EDZclADOx4Pr52PXkM4RI	9	2022	0.633	https://api.spotify.com/v1/audio-analysis/3EDZclADOx4Pr52PXkM4RI	0.41	182413	0.342	0	0	0.109	-6.591	1	0.0345	144.783	4	https://api.spotify.com/v1/tracks/3EDZclADOx4Pr52PXkM4RI	0.217
chill	Peaches (feat. Daniel Caesar & Giveon)	4iJyoBOLtHqaGxP12qzhQI	92	2021	0.321	https://api.spotify.com/v1/audio-analysis/4iJyoBOLtHqaGxP12qzhQI	0.677	198082	0.696	0	0	0.42	-6.181	1	0.119	90.03	4	https://api.spotify.com/v1/tracks/4iJyoBOLtHqaGxP12qzhQI	0.464
chill	Como Mirarte	6nMobBpmr1V7K6nzTW0AdG	1	2022	0.71	https://api.spotify.com/v1/audio-analysis/6nMobBpmr1V7K6nzTW0AdG	0.347	228080	0.353	0	0	0.31	-7.321	1	0.0341	172.983	1	https://api.spotify.com/v1/tracks/6nMobBpmr1V7K6nzTW0AdG	0.201
chill	Sunrise	5x1RPNP8Uydtz23MR0T2UG	63	2020	0.593	https://api.spotify.com/v1/audio-analysis/5x1RPNP8Uydtz23MR0T2UG	0.696	229851	0.701	0.749	7	0.105	-9.277	0	0.041	117.99	4	https://api.spotify.com/v1/tracks/5x1RPNP8Uydtz23MR0T2UG	0.491
chill	Chill Bill (instrumental)	5epvJgucpzOyU2mbNMJayL	46	2020	0.00778	https://api.spotify.com/v1/audio-analysis/5epvJgucpzOyU2mbNMJayL	0.483	184676	0.473	0.926	8	0.138	-12.117	0	0.0498	129.571	5	https://api.spotify.com/v1/tracks/5epvJgucpzOyU2mbNMJayL	0.195
chill	Paralyzed	1mY4vqg6ciavz92X7BprdY	45	2018	0.221	https://api.spotify.com/v1/audio-analysis/1mY4vqg6ciavz92X7BprdY	0.507	270973	0.627	0.00000408	0	0.102	-6.651	1	0.046	129.805	4	https://api.spotify.com/v1/tracks/1mY4vqg6ciavz92X7BprdY	0.0483
chill	Heat Waves	6CDzDgIUqeDY5g8ujExx2f	92	2020	0.44	https://api.spotify.com/v1/audio-analysis/6CDzDgIUqeDY5g8ujExx2f	0.761	238805	0.525	0.0000067	11	0.0921	-6.9	1	0.0944	80.87	4	https://api.spotify.com/v1/tracks/6CDzDgIUqeDY5g8ujExx2f	0.531
chill	CHILLAX	4TsOQZGMRCVUhS7cNzhdVF	56	2018	0.134	https://api.spotify.com/v1/audio-analysis/4TsOQZGMRCVUhS7cNzhdVF	0.786	186293	0.832	0.00000135	8	0.0575	-2.781	1	0.0592	108.977	4	https://api.spotify.com/v1/tracks/4TsOQZGMRCVUhS7cNzhdVF	0.741
chill	10,000 Hours (with Justin Bieber)	2wrJq5XKLnmhRXHIAf9xBa	83	2019	0.153	https://api.spotify.com/v1/audio-analysis/2wrJq5XKLnmhRXHIAf9xBa	0.654	167693	0.63	0	10	0.111	-4.644	1	0.0259	89.991	4	https://api.spotify.com/v1/tracks/2wrJq5XKLnmhRXHIAf9xBa	0.43
chill	Chill	03vzu03ZnrKlHHL1nTi7zY	56	2019	0.0201	https://api.spotify.com/v1/audio-analysis/03vzu03ZnrKlHHL1nTi7zY	0.556	223293	0.455	0.00000424	7	0.128	-8.417	1	0.0594	130.926	4	https://api.spotify.com/v1/tracks/03vzu03ZnrKlHHL1nTi7zY	0.0915
chill	Heat Waves	7Dp0fu2aneus1uux0iCcOp	0	2022	0.44	https://api.spotify.com/v1/audio-analysis/7Dp0fu2aneus1uux0iCcOp	0.761	238805	0.525	0.0000067	11	0.0921	-6.9	1	0.0944	80.87	4	https://api.spotify.com/v1/tracks/7Dp0fu2aneus1uux0iCcOp	0.531
chill	At My Worst	0ri0Han4IRJhzvERHOZTMr	81	2020	0.777	https://api.spotify.com/v1/audio-analysis/0ri0Han4IRJhzvERHOZTMr	0.813	170345	0.415	0	0	0.131	-5.926	1	0.0349	91.921	4	https://api.spotify.com/v1/tracks/0ri0Han4IRJhzvERHOZTMr	0.667
chill	Chill Vibes	46zeJr0g4vNZUPYXJririB	54	2020	0.806	https://api.spotify.com/v1/audio-analysis/46zeJr0g4vNZUPYXJririB	0.564	113231	0.189	0.934	0	0.143	-21.315	0	0.0664	76.961	4	https://api.spotify.com/v1/tracks/46zeJr0g4vNZUPYXJririB	0.312
chill	Dreamland	7hZYyUyV9TjNnmnOWQ8Xkr	0	2022	0.883	https://api.spotify.com/v1/audio-analysis/7hZYyUyV9TjNnmnOWQ8Xkr	0.253	203492	0.352	0.00191	8	0.0668	-11.509	1	0.0357	141.97	5	https://api.spotify.com/v1/tracks/7hZYyUyV9TjNnmnOWQ8Xkr	0.099
chill	Gangsta's Paradise	2aLmZdasaFf9F3AIM2kM2a	69	2021	0.497	https://api.spotify.com/v1/audio-analysis/2aLmZdasaFf9F3AIM2kM2a	0.644	115201	0.381	0.898	0	0.11	-7.425	0	0.0333	150.029	4	https://api.spotify.com/v1/tracks/2aLmZdasaFf9F3AIM2kM2a	0.184
chill	Dreamland	65wkAPCnnfkS75vS02K737	1	2022	0.883	https://api.spotify.com/v1/audio-analysis/65wkAPCnnfkS75vS02K737	0.253	203492	0.352	0.00191	8	0.0668	-11.509	1	0.0357	141.97	5	https://api.spotify.com/v1/tracks/65wkAPCnnfkS75vS02K737	0.099
chill	Pillow Thoughts	2Hp3OqegIMtyAMH9UXlG6U	65	2022	0.694	https://api.spotify.com/v1/audio-analysis/2Hp3OqegIMtyAMH9UXlG6U	0.501	144000	0.437	0.844	7	0.109	-14.806	1	0.188	84.011	4	https://api.spotify.com/v1/tracks/2Hp3OqegIMtyAMH9UXlG6U	0.18
chill	Hallucination - Chilled	1HNgT1DmHvkAowm6hMfO5K	62	2022	0.664	https://api.spotify.com/v1/audio-analysis/1HNgT1DmHvkAowm6hMfO5K	0.505	176520	0.459	0	6	0.327	-8.25	0	0.0601	122.866	4	https://api.spotify.com/v1/tracks/1HNgT1DmHvkAowm6hMfO5K	0.268
chill	Get Down Saturday Night	6eXKCcEqAU4eJLfDgh8sfG	69	2021	0.00721	https://api.spotify.com/v1/audio-analysis/6eXKCcEqAU4eJLfDgh8sfG	0.705	138006	0.791	0.0766	0	0.0967	-5.083	0	0.0387	121.017	4	https://api.spotify.com/v1/tracks/6eXKCcEqAU4eJLfDgh8sfG	0.615
chill	Lemonade	02kDW379Yfd5PzW5A6vuGt	83	2020	0.256	https://api.spotify.com/v1/audio-analysis/02kDW379Yfd5PzW5A6vuGt	0.799	195429	0.66	0	1	0.111	-6.153	0	0.079	140.04	4	https://api.spotify.com/v1/tracks/02kDW379Yfd5PzW5A6vuGt	0.471
chill	Run Free	1oIdcFtf58sZbS7QyZQJ2P	71	2017	0.202	https://api.spotify.com/v1/audio-analysis/1oIdcFtf58sZbS7QyZQJ2P	0.727	170562	0.69	0.00000327	7	0.414	-4.559	1	0.0345	100.002	4	https://api.spotify.com/v1/tracks/1oIdcFtf58sZbS7QyZQJ2P	0.699
chill	Chill	2D1j7fsRHGTOjIUbYs1emj	45	2021	0.145	https://api.spotify.com/v1/audio-analysis/2D1j7fsRHGTOjIUbYs1emj	0.858	172000	0.396	0	8	0.131	-7.269	0	0.182	147.004	5	https://api.spotify.com/v1/tracks/2D1j7fsRHGTOjIUbYs1emj	0.793
chill	Good Time Boys - Remastered	3C3dQpRjTZrW72G8zsMu71	3	2022	0.0097	https://api.spotify.com/v1/audio-analysis/3C3dQpRjTZrW72G8zsMu71	0.458	301680	0.973	0.00000352	11	0.0911	-2.884	0	0.142	93.784	4	https://api.spotify.com/v1/tracks/3C3dQpRjTZrW72G8zsMu71	0.565
chill	Chill	2DzlIz8cPBe75Aku2S3dim	48	2020	0.0301	https://api.spotify.com/v1/audio-analysis/2DzlIz8cPBe75Aku2S3dim	0.425	209032	0.433	0.143	6	0.11	-6.137	0	0.0534	84.277	4	https://api.spotify.com/v1/tracks/2DzlIz8cPBe75Aku2S3dim	0.236
chill	Wolves	2QntvfnaBHXq8jnXo2KIfN	1	2022	0.124	https://api.spotify.com/v1/audio-analysis/2QntvfnaBHXq8jnXo2KIfN	0.725	197993	0.804	0	11	0.204	-4.614	0	0.0422	124.996	4	https://api.spotify.com/v1/tracks/2QntvfnaBHXq8jnXo2KIfN	0.31
chill	CHILL	6wAASg4sO0kzxHHjctC4AA	37	2021	0.399	https://api.spotify.com/v1/audio-analysis/6wAASg4sO0kzxHHjctC4AA	0.792	160000	0.367	0.293	2	0.0801	-9.728	0	0.194	107.03	4	https://api.spotify.com/v1/tracks/6wAASg4sO0kzxHHjctC4AA	0.235
chill	Connection	2Y7q6ncePedVP2BYL1XZN2	0	2022	0.000837	https://api.spotify.com/v1/audio-analysis/2Y7q6ncePedVP2BYL1XZN2	0.609	148460	0.602	0	5	0.112	-4.89	1	0.0439	168.162	4	https://api.spotify.com/v1/tracks/2Y7q6ncePedVP2BYL1XZN2	0.624
chill	Chill	7aETfVDs6MnQg6uyEhhpro	52	2015	0.991	https://api.spotify.com/v1/audio-analysis/7aETfVDs6MnQg6uyEhhpro	0.142	56284	0.123	0.913	6	0.133	-25.248	0	0.037	139.946	4	https://api.spotify.com/v1/tracks/7aETfVDs6MnQg6uyEhhpro	0.102
chill	Yo No Merezco Volver	1GE4afJojAKc7XluAeGjtH	8	2022	0.0575	https://api.spotify.com/v1/audio-analysis/1GE4afJojAKc7XluAeGjtH	0.324	220155	0.398	0	0	0.281	-7.309	1	0.0377	77.81	4	https://api.spotify.com/v1/tracks/1GE4afJojAKc7XluAeGjtH	0.477
chill	chill	3eRiOsaW10pOiW0sQjsPSb	46	2021	0.576	https://api.spotify.com/v1/audio-analysis/3eRiOsaW10pOiW0sQjsPSb	0.794	96008	0.335	0.703	2	0.118	-11.067	1	0.309	75.018	4	https://api.spotify.com/v1/tracks/3eRiOsaW10pOiW0sQjsPSb	0.293
chill	Labios Rotos	2oxd3lBkC90UQOI99nbRO6	3	2022	0.00615	https://api.spotify.com/v1/audio-analysis/2oxd3lBkC90UQOI99nbRO6	0.721	216533	0.553	0.0154	4	0.147	-10.497	0	0.0255	112.015	4	https://api.spotify.com/v1/tracks/2oxd3lBkC90UQOI99nbRO6	0.716
chill	Chill	0NYI7lXYvyEhpjP0yWAjRg	48	2017	0.23	https://api.spotify.com/v1/audio-analysis/0NYI7lXYvyEhpjP0yWAjRg	0.743	187756	0.793	0	1	0.108	-4.944	1	0.0692	120.004	4	https://api.spotify.com/v1/tracks/0NYI7lXYvyEhpjP0yWAjRg	0.809
chill	Enamórate De Alguien Más	15dhlmI6GabQ28NRMCQoqm	4	2022	0.466	https://api.spotify.com/v1/audio-analysis/15dhlmI6GabQ28NRMCQoqm	0.592	229107	0.643	0	11	0.315	-5.608	1	0.0321	145.979	4	https://api.spotify.com/v1/tracks/15dhlmI6GabQ28NRMCQoqm	0.579
chill	Chill	3krMiGKLPwZQOvfYmsBbJC	34	2021	0.164	https://api.spotify.com/v1/audio-analysis/3krMiGKLPwZQOvfYmsBbJC	0.842	213782	0.83	0.00000129	2	0.0308	-6.445	1	0.0527	118.977	4	https://api.spotify.com/v1/tracks/3krMiGKLPwZQOvfYmsBbJC	0.669
chill	Skrawberries	0u2640BurF9VsQY2DjLlGE	1	2022	0.0951	https://api.spotify.com/v1/audio-analysis/0u2640BurF9VsQY2DjLlGE	0.626	218892	0.77	0	6	0.076	-4.197	0	0.197	81.079	4	https://api.spotify.com/v1/tracks/0u2640BurF9VsQY2DjLlGE	0.505
chill	Chill	7FC3dajLv0xc3TcdB325fJ	45	2021	0.756	https://api.spotify.com/v1/audio-analysis/7FC3dajLv0xc3TcdB325fJ	0.826	127423	0.727	0.96	7	0.267	-9.722	0	0.0521	129.993	4	https://api.spotify.com/v1/tracks/7FC3dajLv0xc3TcdB325fJ	0.148
chill	Chlorine	7iuMCkCkWfB3wmUAV4WVjQ	11	2022	0.0731	https://api.spotify.com/v1/audio-analysis/7iuMCkCkWfB3wmUAV4WVjQ	0.603	324467	0.675	0.0601	10	0.345	-7.388	0	0.0568	90.037	4	https://api.spotify.com/v1/tracks/7iuMCkCkWfB3wmUAV4WVjQ	0.314
chill	Chill	3SEo6MiRHYEzIKVsUuwFww	49	2021	0.174	https://api.spotify.com/v1/audio-analysis/3SEo6MiRHYEzIKVsUuwFww	0.875	154238	0.133	0.888	10	0.101	-9.244	0	0.0782	140.051	4	https://api.spotify.com/v1/tracks/3SEo6MiRHYEzIKVsUuwFww	0.441
chill	Wake Me Up - PANG! Slowing Things Down Remix	3qIhqhCyIqUuoXLofMmcr9	0	2022	0.0131	https://api.spotify.com/v1/audio-analysis/3qIhqhCyIqUuoXLofMmcr9	0.764	372010	0.579	0.509	9	0.0899	-7.584	0	0.0311	120.014	4	https://api.spotify.com/v1/tracks/3qIhqhCyIqUuoXLofMmcr9	0.211
chill	CHILL	1P0mPfVu25ty2MBmCZRQfK	61	2021	0.647	https://api.spotify.com/v1/audio-analysis/1P0mPfVu25ty2MBmCZRQfK	0.883	126951	0.514	0	10	0.22	-9.607	1	0.355	155.948	4	https://api.spotify.com/v1/tracks/1P0mPfVu25ty2MBmCZRQfK	0.68
chill	No Chill (feat. Lil Xxel)	5oh6lXsQ3mhw5PvcsJqvXg	66	2021	0.0143	https://api.spotify.com/v1/audio-analysis/5oh6lXsQ3mhw5PvcsJqvXg	0.712	167223	0.748	0	7	0.203	-4.866	1	0.0283	122.22	4	https://api.spotify.com/v1/tracks/5oh6lXsQ3mhw5PvcsJqvXg	0.845
chill	Chill	3gnZ5IguvkLCAGVKJdHD7n	49	2015	0.311	https://api.spotify.com/v1/audio-analysis/3gnZ5IguvkLCAGVKJdHD7n	0.484	272526	0.335	0	0	0.109	-10.653	1	0.138	102.722	4	https://api.spotify.com/v1/tracks/3gnZ5IguvkLCAGVKJdHD7n	0.107
chill	Chill	0sOXt7ESVAHcRnQhdkKjca	5	2021	0.991	https://api.spotify.com/v1/audio-analysis/0sOXt7ESVAHcRnQhdkKjca	0.809	209000	0.324	0.921	7	0.112	-22.49	1	0.0741	119.98	4	https://api.spotify.com/v1/tracks/0sOXt7ESVAHcRnQhdkKjca	0.28
chill	when the world end	4Wl0bL4wTgXGkeK81reGpI	70	2021	0.721	https://api.spotify.com/v1/audio-analysis/4Wl0bL4wTgXGkeK81reGpI	0.655	93048	0.716	0	1	0.306	-5.172	1	0.497	157.15	4	https://api.spotify.com/v1/tracks/4Wl0bL4wTgXGkeK81reGpI	0.624
chill	Chill	4FLCO5eNdikh9bSzYYjwtd	52	2018	0.0313	https://api.spotify.com/v1/audio-analysis/4FLCO5eNdikh9bSzYYjwtd	0.779	159808	0.47	0	2	0.109	-9.661	1	0.0543	104.028	4	https://api.spotify.com/v1/tracks/4FLCO5eNdikh9bSzYYjwtd	0.782
chill	Chill	5HbtrpijSCY9XOqlybzZoM	37	2019	0.0713	https://api.spotify.com/v1/audio-analysis/5HbtrpijSCY9XOqlybzZoM	0.626	216640	0.483	0	9	0.174	-10.199	1	0.0388	127.841	4	https://api.spotify.com/v1/tracks/5HbtrpijSCY9XOqlybzZoM	0.29
chill	Snowy Chilling	5iC25gf3XAPCwuu5VPiBTy	13	2022	0.951	https://api.spotify.com/v1/audio-analysis/5iC25gf3XAPCwuu5VPiBTy	0.17	111694	0.162	0.872	0	0.138	-22.174	1	0.0472	109.196	4	https://api.spotify.com/v1/tracks/5iC25gf3XAPCwuu5VPiBTy	0.0336
chill	CHILL	78N5SxgoJckFAwNfvRED6Z	35	2018	0.204	https://api.spotify.com/v1/audio-analysis/78N5SxgoJckFAwNfvRED6Z	0.864	227311	0.724	0	2	0.053	-7.511	1	0.325	122.869	4	https://api.spotify.com/v1/tracks/78N5SxgoJckFAwNfvRED6Z	0.531
chill	Snowy Chilling	60RgV4UogIM7amoiDbsPDn	5	2022	0.951	https://api.spotify.com/v1/audio-analysis/60RgV4UogIM7amoiDbsPDn	0.17	111694	0.162	0.872	0	0.138	-22.174	1	0.0472	109.196	4	https://api.spotify.com/v1/tracks/60RgV4UogIM7amoiDbsPDn	0.0336
chill	Chill	4yWgTBYmJGnQKn63S9GUbf	42	2021	0.0521	https://api.spotify.com/v1/audio-analysis/4yWgTBYmJGnQKn63S9GUbf	0.514	206348	0.893	0.0000675	6	0.253	-1.488	1	0.0646	179.969	4	https://api.spotify.com/v1/tracks/4yWgTBYmJGnQKn63S9GUbf	0.746
chill	Snowy Chilling	1HEojS0V3713y9xUXTwWjN	4	2022	0.951	https://api.spotify.com/v1/audio-analysis/1HEojS0V3713y9xUXTwWjN	0.17	111694	0.162	0.872	0	0.138	-22.174	1	0.0472	109.196	4	https://api.spotify.com/v1/tracks/1HEojS0V3713y9xUXTwWjN	0.0336
chill	Chill	084x7MwwS1j30jFbrBJ2ib	41	2019	0.00345	https://api.spotify.com/v1/audio-analysis/084x7MwwS1j30jFbrBJ2ib	0.508	205141	0.513	0.00000165	1	0.127	-5.482	0	0.0733	92.381	4	https://api.spotify.com/v1/tracks/084x7MwwS1j30jFbrBJ2ib	0.602
chill	Snowy Chilling	2zky95tq3PuqZmic7EsAO8	10	2022	0.951	https://api.spotify.com/v1/audio-analysis/2zky95tq3PuqZmic7EsAO8	0.17	111694	0.162	0.872	0	0.138	-22.174	1	0.0472	109.196	4	https://api.spotify.com/v1/tracks/2zky95tq3PuqZmic7EsAO8	0.0336
chill	Chill	0X5f8TK8slBuRKDd6Dc4fu	14	2020	0.2	https://api.spotify.com/v1/audio-analysis/0X5f8TK8slBuRKDd6Dc4fu	0.875	91726	0.74	0	3	0.0802	-5.726	0	0.229	113.051	4	https://api.spotify.com/v1/tracks/0X5f8TK8slBuRKDd6Dc4fu	0.885
chill	Chill	41wBZyUpv6AEvFHUNAH9l3	42	2021	0.0415	https://api.spotify.com/v1/audio-analysis/41wBZyUpv6AEvFHUNAH9l3	0.721	145166	0.801	0.894	4	0.098	-6.838	1	0.0333	124.001	4	https://api.spotify.com/v1/tracks/41wBZyUpv6AEvFHUNAH9l3	0.489
chill	CHILL	6TeqR3cIdhBSKY531p4zEi	39	2020	0.291	https://api.spotify.com/v1/audio-analysis/6TeqR3cIdhBSKY531p4zEi	0.431	206681	0.617	0	6	0.202	-5.515	1	0.242	69.528	3	https://api.spotify.com/v1/tracks/6TeqR3cIdhBSKY531p4zEi	0.41
chill	Chill	2uxfGiyxRlbl5ZUovsewYa	30	2021	0.568	https://api.spotify.com/v1/audio-analysis/2uxfGiyxRlbl5ZUovsewYa	0.66	125197	0.411	0.819	0	0.458	-11.457	1	0.0492	63.561	4	https://api.spotify.com/v1/tracks/2uxfGiyxRlbl5ZUovsewYa	0.526
chill	Lagoon Chill	6jcBxKpzmuGrx3hs7HxK1N	49	2019	0.628	https://api.spotify.com/v1/audio-analysis/6jcBxKpzmuGrx3hs7HxK1N	0.65	163421	0.0343	0.936	9	0.107	-20.527	1	0.0651	76.037	4	https://api.spotify.com/v1/tracks/6jcBxKpzmuGrx3hs7HxK1N	0.14
chill	Chill	6jMwZFHaOXoSvPL36N6Qma	36	2019	0.995	https://api.spotify.com/v1/audio-analysis/6jMwZFHaOXoSvPL36N6Qma	0.41	89699	0.0184	0.972	5	0.132	-35.069	0	0.0639	70.358	4	https://api.spotify.com/v1/tracks/6jMwZFHaOXoSvPL36N6Qma	0.434
chill	Black Summer	3a94TbZOxhkI9xuNwYL53b	82	2022	0.0267	https://api.spotify.com/v1/audio-analysis/3a94TbZOxhkI9xuNwYL53b	0.417	232412	0.682	0.000669	1	0.109	-5.071	1	0.0295	105.542	4	https://api.spotify.com/v1/tracks/3a94TbZOxhkI9xuNwYL53b	0.351
chill	Chill	6XqPAIDCkXrP5GJbyvW1pl	40	2021	0.757	https://api.spotify.com/v1/audio-analysis/6XqPAIDCkXrP5GJbyvW1pl	0.914	218667	0.275	0.882	9	0.109	-8.974	1	0.356	89.974	4	https://api.spotify.com/v1/tracks/6XqPAIDCkXrP5GJbyvW1pl	0.38
chill	Chill	36Uv4JzND2iZvN361c7hqf	40	2012	0.992	https://api.spotify.com/v1/audio-analysis/36Uv4JzND2iZvN361c7hqf	0.669	513107	0.12	0.951	5	0.0895	-21.788	1	0.051	90.03	3	https://api.spotify.com/v1/tracks/36Uv4JzND2iZvN361c7hqf	0.075
chill	Strawberry Shortcake	0jD2mQsKOji9EUsxCanEmM	3	2022	0.2	https://api.spotify.com/v1/audio-analysis/0jD2mQsKOji9EUsxCanEmM	0.578	184619	0.62	0.0000718	11	0.0895	-8.087	0	0.461	126.185	5	https://api.spotify.com/v1/tracks/0jD2mQsKOji9EUsxCanEmM	0.517
chill	Chill	4NVWxQZKU9kGyxqZL1hoMm	35	2013	0.991	https://api.spotify.com/v1/audio-analysis/4NVWxQZKU9kGyxqZL1hoMm	0.369	127120	0.141	0.898	2	0.131	-17.581	1	0.0419	128.831	4	https://api.spotify.com/v1/tracks/4NVWxQZKU9kGyxqZL1hoMm	0.128
chill	gone girl	4ZRLI92j4ShUaeIynHwE9g	3	2022	0.158	https://api.spotify.com/v1/audio-analysis/4ZRLI92j4ShUaeIynHwE9g	0.677	136568	0.714	0	11	0.0717	-5.637	1	0.0287	94.958	4	https://api.spotify.com/v1/tracks/4ZRLI92j4ShUaeIynHwE9g	0.354
chill	Chill	0ysA3RnV8LmuXHewl7KSXi	43	2018	0.535	https://api.spotify.com/v1/audio-analysis/0ysA3RnV8LmuXHewl7KSXi	0.671	223781	0.868	0.00000397	5	0.136	-4.108	1	0.235	104.004	4	https://api.spotify.com/v1/tracks/0ysA3RnV8LmuXHewl7KSXi	0.831
chill	On Melancholy Hill	4jRq9p96UhlWQjyi96jOWD	7	2022	0.0000154	https://api.spotify.com/v1/audio-analysis/4jRq9p96UhlWQjyi96jOWD	0.689	233867	0.739	0.515	2	0.064	-5.81	1	0.026	120.423	4	https://api.spotify.com/v1/tracks/4jRq9p96UhlWQjyi96jOWD	0.578
chill	Chill	2kjCetaqqzJgHtSed3fJJV	34	2022	0.0804	https://api.spotify.com/v1/audio-analysis/2kjCetaqqzJgHtSed3fJJV	0.678	153375	0.6	0.277	5	0.123	-10.895	1	0.112	159.992	4	https://api.spotify.com/v1/tracks/2kjCetaqqzJgHtSed3fJJV	0.257
chill	Every Breath You Take	3pIpa33ZYgL6ZEkpBRA8BF	69	2020	0.249	https://api.spotify.com/v1/audio-analysis/3pIpa33ZYgL6ZEkpBRA8BF	0.78	198058	0.573	0.245	0	0.18	-8.545	1	0.038	119.973	4	https://api.spotify.com/v1/tracks/3pIpa33ZYgL6ZEkpBRA8BF	0.671
chill	Heather	2m2yJqE5Hjo6ren8vHZfs9	0	2022	0.586	https://api.spotify.com/v1/audio-analysis/2m2yJqE5Hjo6ren8vHZfs9	0.357	198040	0.425	0	5	0.322	-7.301	1	0.0331	102.074	3	https://api.spotify.com/v1/tracks/2m2yJqE5Hjo6ren8vHZfs9	0.273
chill	Dancing On My Own	4Qzt65rznjAHFRZlaottsd	6	2022	0.837	https://api.spotify.com/v1/audio-analysis/4Qzt65rznjAHFRZlaottsd	0.681	260285	0.174	0.0000335	1	0.0983	-8.745	1	0.0315	112.672	4	https://api.spotify.com/v1/tracks/4Qzt65rznjAHFRZlaottsd	0.231
chill	Wait a Minute!	6TovPRmLiUo9OJsSKEbeu9	0	2022	0.0364	https://api.spotify.com/v1/audio-analysis/6TovPRmLiUo9OJsSKEbeu9	0.764	196520	0.704	0.0000207	3	0.0943	-5.28	0	0.0279	101.003	4	https://api.spotify.com/v1/tracks/6TovPRmLiUo9OJsSKEbeu9	0.671
chill	Leave It All To Me (iCarly chill)	1IV1pNKKPtSeJEA5BPTu1e	63	2021	0.73	https://api.spotify.com/v1/audio-analysis/1IV1pNKKPtSeJEA5BPTu1e	0.526	76154	0.597	0	2	0.282	-7.262	1	0.157	207.771	5	https://api.spotify.com/v1/tracks/1IV1pNKKPtSeJEA5BPTu1e	0.655
chill	LOSE IT	0DD9Gq6ERrWEIaRJ9GCJUg	4	2022	0.0161	https://api.spotify.com/v1/audio-analysis/0DD9Gq6ERrWEIaRJ9GCJUg	0.962	237655	0.573	0	7	0.109	-5.924	1	0.308	125.037	4	https://api.spotify.com/v1/tracks/0DD9Gq6ERrWEIaRJ9GCJUg	0.729
chill	Let Me Love You	3g5M1X12iW7rZTNwKp18Fl	1	2022	0.0863	https://api.spotify.com/v1/audio-analysis/3g5M1X12iW7rZTNwKp18Fl	0.475	205947	0.715	0.0000267	8	0.135	-5.371	1	0.058	199.892	4	https://api.spotify.com/v1/tracks/3g5M1X12iW7rZTNwKp18Fl	0.159
chill	On Chill (feat. Jeremih)	5z51HY4ei5QhTjcvwq5Msw	69	2019	0.134	https://api.spotify.com/v1/audio-analysis/5z51HY4ei5QhTjcvwq5Msw	0.597	214035	0.733	0	1	0.159	-6.017	1	0.41	171.016	4	https://api.spotify.com/v1/tracks/5z51HY4ei5QhTjcvwq5Msw	0.639
chill	Wish You Were Sober	0TtaGIxwn6xtUZPTyGzoRR	8	2022	0.0162	https://api.spotify.com/v1/audio-analysis/0TtaGIxwn6xtUZPTyGzoRR	0.695	168883	0.701	0	2	0.225	-5.268	1	0.0509	91.01	4	https://api.spotify.com/v1/tracks/0TtaGIxwn6xtUZPTyGzoRR	0.679
chill	Maniac	3Q2EBHOYbiA1pALMJ0gqq6	2	2022	0.00122	https://api.spotify.com/v1/audio-analysis/3Q2EBHOYbiA1pALMJ0gqq6	0.623	185787	0.647	0	8	0.354	-5.438	1	0.04	107.987	4	https://api.spotify.com/v1/tracks/3Q2EBHOYbiA1pALMJ0gqq6	0.522
chill	The Story	6tHq3aJaL77gLX3j6RkEsi	3	2022	0.814	https://api.spotify.com/v1/audio-analysis/6tHq3aJaL77gLX3j6RkEsi	0.543	245267	0.3	0	0	0.109	-10.379	1	0.0305	141.923	4	https://api.spotify.com/v1/tracks/6tHq3aJaL77gLX3j6RkEsi	0.272
chill	abcdefu (chill)	6tH1lxPcQConWuvlh85yFT	62	2021	0.0405	https://api.spotify.com/v1/audio-analysis/6tH1lxPcQConWuvlh85yFT	0.554	176766	0.429	0	1	0.23	-7.687	0	0.0334	112.899	4	https://api.spotify.com/v1/tracks/6tH1lxPcQConWuvlh85yFT	0.195
chill	Someone Said	1kbnLR1pKtglVnlddw8KoA	2	2022	0.00119	https://api.spotify.com/v1/audio-analysis/1kbnLR1pKtglVnlddw8KoA	0.902	223275	0.492	0.363	2	0.125	-9.657	1	0.22	149.974	4	https://api.spotify.com/v1/tracks/1kbnLR1pKtglVnlddw8KoA	0.248
chill	Dark Necessities	2oaK4JLVnmRGIO9ytBE1bt	78	2016	0.0722	https://api.spotify.com/v1/audio-analysis/2oaK4JLVnmRGIO9ytBE1bt	0.7	302000	0.742	0.0199	5	0.11	-6.777	0	0.0716	91.959	4	https://api.spotify.com/v1/tracks/2oaK4JLVnmRGIO9ytBE1bt	0.197
chill	Out Of Love	67MqRdcIUGh47OJCpTk1iS	12	2022	0.102	https://api.spotify.com/v1/audio-analysis/67MqRdcIUGh47OJCpTk1iS	0.732	153597	0.654	0	7	0.215	-6.136	0	0.045	138.049	4	https://api.spotify.com/v1/tracks/67MqRdcIUGh47OJCpTk1iS	0.369
chill	Crave	3h8BR0EXhX9yZX2tF8HzZA	0	2022	0.455	https://api.spotify.com/v1/audio-analysis/3h8BR0EXhX9yZX2tF8HzZA	0.729	201641	0.617	0	5	0.104	-4.678	0	0.0435	125.991	4	https://api.spotify.com/v1/tracks/3h8BR0EXhX9yZX2tF8HzZA	0.236
chill	Sativa	1PaVucJg7Vw1D8Mtv2RKOc	0	2022	0.316	https://api.spotify.com/v1/audio-analysis/1PaVucJg7Vw1D8Mtv2RKOc	0.741	276960	0.61	0	6	0.534	-7.34	0	0.0511	125.99	4	https://api.spotify.com/v1/tracks/1PaVucJg7Vw1D8Mtv2RKOc	0.72
chill	Wanderer - Chill Mix	1QoZXDJVp516a9QCNvnmZL	58	2020	0.494	https://api.spotify.com/v1/audio-analysis/1QoZXDJVp516a9QCNvnmZL	0.783	141236	0.4	0.472	10	0.106	-18.055	0	0.0562	100.003	4	https://api.spotify.com/v1/tracks/1QoZXDJVp516a9QCNvnmZL	0.124
chill	super idol but it's chill	0Y1eh3hzT4700xANxvv1zT	59	2021	0.733	https://api.spotify.com/v1/audio-analysis/0Y1eh3hzT4700xANxvv1zT	0.86	112258	0.4	0.528	9	0.119	-10.158	1	0.0515	124.017	4	https://api.spotify.com/v1/tracks/0Y1eh3hzT4700xANxvv1zT	0.47
chill	1-800-273-8255	7jbda9mdk2TUC2GUpfniw4	1	2022	0.55	https://api.spotify.com/v1/audio-analysis/7jbda9mdk2TUC2GUpfniw4	0.623	250200	0.594	0	5	0.179	-7.766	0	0.0418	100.038	4	https://api.spotify.com/v1/tracks/7jbda9mdk2TUC2GUpfniw4	0.363
chill	Replay	2AQ14wa70X2LsR9TJ5T1U5	0	2022	0.0387	https://api.spotify.com/v1/audio-analysis/2AQ14wa70X2LsR9TJ5T1U5	0.68	208196	0.78	0.0000295	6	0.317	-5.354	0	0.12	140.007	4	https://api.spotify.com/v1/tracks/2AQ14wa70X2LsR9TJ5T1U5	0.549
chill	Close To Me	261u2zjwUwbmtEPUwcMe6S	0	2022	0.0946	https://api.spotify.com/v1/audio-analysis/261u2zjwUwbmtEPUwcMe6S	0.572	182627	0.75	0	1	0.378	-5.042	0	0.0604	144.081	4	https://api.spotify.com/v1/tracks/261u2zjwUwbmtEPUwcMe6S	0.475
chill	My My My!	4TgDnxOfHdZhODJaRZLFx7	0	2022	0.00407	https://api.spotify.com/v1/audio-analysis/4TgDnxOfHdZhODJaRZLFx7	0.701	204727	0.459	0.000155	1	0.045	-7.749	1	0.084	102.964	4	https://api.spotify.com/v1/tracks/4TgDnxOfHdZhODJaRZLFx7	0.481
chill	Easy	5UlJTVIWwr9XURh3mLwHDL	0	2022	0.00187	https://api.spotify.com/v1/audio-analysis/5UlJTVIWwr9XURh3mLwHDL	0.581	213572	0.674	0.00000301	8	0.128	-7.09	1	0.033	143.005	4	https://api.spotify.com/v1/tracks/5UlJTVIWwr9XURh3mLwHDL	0.488
chill	YOUTH	3sCPsgMK5zzfTaMW3nCh7Q	0	2022	0.0638	https://api.spotify.com/v1/audio-analysis/3sCPsgMK5zzfTaMW3nCh7Q	0.628	185194	0.737	0	7	0.0777	-4.437	1	0.041	91.505	4	https://api.spotify.com/v1/tracks/3sCPsgMK5zzfTaMW3nCh7Q	0.591
chill	Numb - Chill Mix	3ifkXomA0L2CmqSWyrVPkm	61	2020	0.902	https://api.spotify.com/v1/audio-analysis/3ifkXomA0L2CmqSWyrVPkm	0.504	199322	0.432	0.0268	0	0.17	-11.057	0	0.0494	118.068	4	https://api.spotify.com/v1/tracks/3ifkXomA0L2CmqSWyrVPkm	0.0939
chill	COMMANDO	6RzO3ZQpLhP25Hciw3TDbo	2	2022	0.141	https://api.spotify.com/v1/audio-analysis/6RzO3ZQpLhP25Hciw3TDbo	0.847	211933	0.488	0	8	0.104	-6.47	1	0.289	77.001	4	https://api.spotify.com/v1/tracks/6RzO3ZQpLhP25Hciw3TDbo	0.149
chill	Not the One	5jpqyokFLz5Atb9Ve6f0FH	73	2022	0.475	https://api.spotify.com/v1/audio-analysis/5jpqyokFLz5Atb9Ve6f0FH	0.597	266326	0.472	0.000126	7	0.151	-7.674	1	0.0318	127.503	4	https://api.spotify.com/v1/tracks/5jpqyokFLz5Atb9Ve6f0FH	0.233
chill	Royals	6e01sxuK4v3BlHlucx5rHO	0	2022	0.113	https://api.spotify.com/v1/audio-analysis/6e01sxuK4v3BlHlucx5rHO	0.665	189853	0.476	0	7	0.33	-8.477	1	0.137	84.881	4	https://api.spotify.com/v1/tracks/6e01sxuK4v3BlHlucx5rHO	0.385
chill	Mood Ring	2f96H24VRj8DKFVF9609Dj	0	2022	0.422	https://api.spotify.com/v1/audio-analysis/2f96H24VRj8DKFVF9609Dj	0.683	225863	0.478	0.0000117	5	0.24	-10.435	1	0.0744	95.011	4	https://api.spotify.com/v1/tracks/2f96H24VRj8DKFVF9609Dj	0.373
chill	Team	2QTVZir3G4JKnlcTRiKEAt	0	2022	0.167	https://api.spotify.com/v1/audio-analysis/2QTVZir3G4JKnlcTRiKEAt	0.691	193059	0.578	0	6	0.305	-7.436	1	0.106	99.984	4	https://api.spotify.com/v1/tracks/2QTVZir3G4JKnlcTRiKEAt	0.412
chill	Solar Power	4u0MlT6MSPJQXM6EmitCVl	0	2022	0.237	https://api.spotify.com/v1/audio-analysis/4u0MlT6MSPJQXM6EmitCVl	0.73	192621	0.483	0.0000799	4	0.31	-8.565	1	0.0879	87.996	4	https://api.spotify.com/v1/tracks/4u0MlT6MSPJQXM6EmitCVl	0.883
chill	Stoned at the Nail Salon	37AKcfnZOtyHHrxt8So5eP	1	2022	0.948	https://api.spotify.com/v1/audio-analysis/37AKcfnZOtyHHrxt8So5eP	0.473	266432	0.128	0.0000536	2	0.101	-12.303	1	0.0365	93.95	3	https://api.spotify.com/v1/tracks/37AKcfnZOtyHHrxt8So5eP	0.0897
chill	Here Ever After	0zckHMfaB6vT5o23ZVBLHJ	75	2022	0.0117	https://api.spotify.com/v1/audio-analysis/0zckHMfaB6vT5o23ZVBLHJ	0.738	230343	0.974	0.819	7	0.131	-4.185	0	0.0961	120.037	4	https://api.spotify.com/v1/tracks/0zckHMfaB6vT5o23ZVBLHJ	0.554
chill	Slow Hands	6t2V1Wa8lfsZd6wmVCxwab	0	2022	0.011	https://api.spotify.com/v1/audio-analysis/6t2V1Wa8lfsZd6wmVCxwab	0.735	188174	0.423	0	0	0.0553	-6.652	1	0.0459	85.899	4	https://api.spotify.com/v1/tracks/6t2V1Wa8lfsZd6wmVCxwab	0.851
chill	Take Yourself Home	0zThUTZaswEeSKfdXa8BwX	4	2022	0.0743	https://api.spotify.com/v1/audio-analysis/0zThUTZaswEeSKfdXa8BwX	0.366	249370	0.606	0.00034	5	0.106	-9.188	0	0.0832	100.694	4	https://api.spotify.com/v1/tracks/0zThUTZaswEeSKfdXa8BwX	0.294
chill	These Are the Ways	1KtXgVTeu3GUXHrOAef6QQ	74	2022	0.00016	https://api.spotify.com/v1/audio-analysis/1KtXgVTeu3GUXHrOAef6QQ	0.42	236217	0.905	0.0212	9	0.253	-5.419	1	0.0804	127.62	4	https://api.spotify.com/v1/tracks/1KtXgVTeu3GUXHrOAef6QQ	0.306
chill	Aquatic Mouth Dance	38Ow67MO6ScViFHK1j2qgN	74	2022	0.00413	https://api.spotify.com/v1/audio-analysis/38Ow67MO6ScViFHK1j2qgN	0.671	260792	0.884	0.0186	5	0.147	-4.987	0	0.07	99.631	4	https://api.spotify.com/v1/tracks/38Ow67MO6ScViFHK1j2qgN	0.811
chill	Black Summer	2a5cbTg2UIi784t9E2wT35	74	2022	0.0267	https://api.spotify.com/v1/audio-analysis/2a5cbTg2UIi784t9E2wT35	0.417	232412	0.682	0.000669	1	0.109	-5.071	1	0.0295	105.542	4	https://api.spotify.com/v1/tracks/2a5cbTg2UIi784t9E2wT35	0.351
chill	Feb 14	5f6Z9517nNJG7hqUXMDR1h	1	2022	0.201	https://api.spotify.com/v1/audio-analysis/5f6Z9517nNJG7hqUXMDR1h	0.711	273994	0.357	0.00149	7	0.0843	-13.505	1	0.0326	112.008	4	https://api.spotify.com/v1/tracks/5f6Z9517nNJG7hqUXMDR1h	0.322
chill	Too Much To Ask	6yzd2W4defmFst88LbTFYh	6	2022	0.366	https://api.spotify.com/v1/audio-analysis/6yzd2W4defmFst88LbTFYh	0.509	223044	0.534	0	0	0.126	-6.521	1	0.0377	153.631	4	https://api.spotify.com/v1/tracks/6yzd2W4defmFst88LbTFYh	0.222
chill	Heroes (we could be)	20F1W9yMZ8BdZUBrHVYGGy	0	2022	0.0308	https://api.spotify.com/v1/audio-analysis/20F1W9yMZ8BdZUBrHVYGGy	0.504	211573	0.748	0	5	0.295	-4.124	1	0.062	125.889	4	https://api.spotify.com/v1/tracks/20F1W9yMZ8BdZUBrHVYGGy	0.356
chill	It's Only Natural	2p0W20VwOJpXt323xv8OAJ	72	2022	0.075	https://api.spotify.com/v1/audio-analysis/2p0W20VwOJpXt323xv8OAJ	0.556	333547	0.64	0.027	5	0.321	-6.965	0	0.0412	185.607	4	https://api.spotify.com/v1/tracks/2p0W20VwOJpXt323xv8OAJ	0.708
chill	She's a Lover	4c4TCbToFf6X8CncWJuHa3	72	2022	0.00239	https://api.spotify.com/v1/audio-analysis/4c4TCbToFf6X8CncWJuHa3	0.726	221093	0.606	0.0065	5	0.111	-4.727	0	0.0348	104.724	4	https://api.spotify.com/v1/tracks/4c4TCbToFf6X8CncWJuHa3	0.419
chill	The Great Apes	5Ek9NwB6PD3QNCDdSUJK5x	72	2022	0.0196	https://api.spotify.com/v1/audio-analysis/5Ek9NwB6PD3QNCDdSUJK5x	0.528	301829	0.882	0.000226	9	0.146	-5.146	0	0.0842	140.722	4	https://api.spotify.com/v1/tracks/5Ek9NwB6PD3QNCDdSUJK5x	0.463
chill	Poster Child	6LwwlI0IvFTN6DRUDdkkT8	72	2022	0.0467	https://api.spotify.com/v1/audio-analysis/6LwwlI0IvFTN6DRUDdkkT8	0.714	318422	0.784	0.00824	7	0.124	-5.423	1	0.0528	165.229	4	https://api.spotify.com/v1/tracks/6LwwlI0IvFTN6DRUDdkkT8	0.72
chill	Not the One	2Uze78n7BgWsV91bUMtflX	72	2022	0.475	https://api.spotify.com/v1/audio-analysis/2Uze78n7BgWsV91bUMtflX	0.597	266326	0.472	0.000126	7	0.151	-7.674	1	0.0318	127.503	4	https://api.spotify.com/v1/tracks/2Uze78n7BgWsV91bUMtflX	0.233
chill	Remember	6fKog5M1TU2fWkDRCxfb42	0	2022	0.0682	https://api.spotify.com/v1/audio-analysis/6fKog5M1TU2fWkDRCxfb42	0.626	161387	0.864	0	8	0.087	-3.12	1	0.0378	123.833	4	https://api.spotify.com/v1/tracks/6fKog5M1TU2fWkDRCxfb42	0.555
chill	Scars To Your Beautiful	4aBKcRcCRNgdARumC1wCsz	0	2022	0.0285	https://api.spotify.com/v1/audio-analysis/4aBKcRcCRNgdARumC1wCsz	0.319	230240	0.739	0	0	0.111	-5.74	1	0.272	194.169	4	https://api.spotify.com/v1/tracks/4aBKcRcCRNgdARumC1wCsz	0.449
chill	Whatchu Thinkin'	37o0LxdGxiF3chjxjwJwBD	72	2022	0.0115	https://api.spotify.com/v1/audio-analysis/37o0LxdGxiF3chjxjwJwBD	0.616	220905	0.582	0.00024	11	0.098	-5.332	0	0.0702	171.259	4	https://api.spotify.com/v1/tracks/37o0LxdGxiF3chjxjwJwBD	0.829
chill	Sheikh Chilli	6PKNPLFj5oE9eS7Og84993	56	2021	0.15	https://api.spotify.com/v1/audio-analysis/6PKNPLFj5oE9eS7Og84993	0.839	252001	0.936	0	11	0.116	-2.603	0	0.241	119.981	4	https://api.spotify.com/v1/tracks/6PKNPLFj5oE9eS7Og84993	0.554
chill	White Braids & Pillow Chair	62MNMZaNTYWqjsD0Isce0l	71	2022	0.0486	https://api.spotify.com/v1/audio-analysis/62MNMZaNTYWqjsD0Isce0l	0.579	220523	0.61	0.107	1	0.134	-7.39	0	0.0315	107.657	4	https://api.spotify.com/v1/tracks/62MNMZaNTYWqjsD0Isce0l	0.9
chill	Bastards of Light	5oRG4KJFamOaLASrNaL5Zo	71	2022	0.0253	https://api.spotify.com/v1/audio-analysis/5oRG4KJFamOaLASrNaL5Zo	0.637	218933	0.722	0.00000145	9	0.0708	-6.836	1	0.0399	106.665	4	https://api.spotify.com/v1/tracks/5oRG4KJFamOaLASrNaL5Zo	0.291
chill	October	1bQic275cLnY0yGhQyYg5Z	1	2022	0.336	https://api.spotify.com/v1/audio-analysis/1bQic275cLnY0yGhQyYg5Z	0.743	240933	0.53	0.00000388	0	0.0837	-7.831	1	0.0301	106.966	4	https://api.spotify.com/v1/tracks/1bQic275cLnY0yGhQyYg5Z	0.654
chill	In The Dark	3eGH2L6qrdKqJizSXIdcnS	5	2022	0.00448	https://api.spotify.com/v1/audio-analysis/3eGH2L6qrdKqJizSXIdcnS	0.943	191813	0.262	0.0126	0	0.104	-8.067	1	0.162	102	4	https://api.spotify.com/v1/tracks/3eGH2L6qrdKqJizSXIdcnS	0.0665
chill	Issues	2NPNpTr1WZ5EBlgU0eLC9D	7	2022	0.39	https://api.spotify.com/v1/audio-analysis/2NPNpTr1WZ5EBlgU0eLC9D	0.722	176347	0.417	0	8	0.0612	-6.825	1	0.0618	113.965	4	https://api.spotify.com/v1/tracks/2NPNpTr1WZ5EBlgU0eLC9D	0.451
chill	The Heavy Wing	4VnqpGitjmsIRNCnonQMzi	70	2022	0.00154	https://api.spotify.com/v1/audio-analysis/4VnqpGitjmsIRNCnonQMzi	0.406	331425	0.782	0.0493	2	0.0821	-6.002	1	0.0461	101.408	4	https://api.spotify.com/v1/tracks/4VnqpGitjmsIRNCnonQMzi	0.46
chill	Let 'Em Cry	5b5u0lJMQTJltn3tKp342F	70	2022	0.0543	https://api.spotify.com/v1/audio-analysis/5b5u0lJMQTJltn3tKp342F	0.829	263152	0.554	0.000109	5	0.205	-7.056	1	0.0355	93.516	4	https://api.spotify.com/v1/tracks/5b5u0lJMQTJltn3tKp342F	0.517
chill	Not Fade Away	0nfRj6nBxcelIUgWa0hQ34	0	2022	0.19	https://api.spotify.com/v1/audio-analysis/0nfRj6nBxcelIUgWa0hQ34	0.681	242467	0.758	0.176	5	0.063	-5.285	0	0.0641	88.914	4	https://api.spotify.com/v1/tracks/0nfRj6nBxcelIUgWa0hQ34	0.869
chill	Sky Full Of Song	59NZHDIx92dvLxvpVFMLLv	0	2022	0.731	https://api.spotify.com/v1/audio-analysis/59NZHDIx92dvLxvpVFMLLv	0.533	226160	0.32	0.0000158	8	0.154	-8.82	1	0.0316	98.022	4	https://api.spotify.com/v1/tracks/59NZHDIx92dvLxvpVFMLLv	0.285
chill	I'm with You	0PaLqtGBzG5vYnJrBA91PE	1	2022	0.805	https://api.spotify.com/v1/audio-analysis/0PaLqtGBzG5vYnJrBA91PE	0.655	239787	0.396	0.00000158	7	0.103	-9.255	1	0.0288	110.008	3	https://api.spotify.com/v1/tracks/0PaLqtGBzG5vYnJrBA91PE	0.111
chill	One Way Traffic	6tCe3xmLW5PutAgf6QuuOB	70	2022	0.0126	https://api.spotify.com/v1/audio-analysis/6tCe3xmLW5PutAgf6QuuOB	0.674	250670	0.893	0.000372	2	0.117	-6.115	1	0.0396	116.857	4	https://api.spotify.com/v1/tracks/6tCe3xmLW5PutAgf6QuuOB	0.152
chill	Veronica	4teDqwGXb1B4krdQnFe2cY	70	2022	0.0714	https://api.spotify.com/v1/audio-analysis/4teDqwGXb1B4krdQnFe2cY	0.483	268997	0.575	0	6	0.34	-6.077	0	0.0367	101.97	4	https://api.spotify.com/v1/tracks/4teDqwGXb1B4krdQnFe2cY	0.41
chill	Instruction	7Lf7zwyyObyLJsajjRyxUO	0	2022	0.103	https://api.spotify.com/v1/audio-analysis/7Lf7zwyyObyLJsajjRyxUO	0.762	165907	0.923	0	9	0.105	-3.107	0	0.189	121.081	4	https://api.spotify.com/v1/tracks/7Lf7zwyyObyLJsajjRyxUO	0.936
chill	Scars To Your Beautiful	14sl0xieHw1dHet4tIwZWE	5	2022	0.0285	https://api.spotify.com/v1/audio-analysis/14sl0xieHw1dHet4tIwZWE	0.319	230240	0.739	0	0	0.111	-5.74	1	0.272	194.169	4	https://api.spotify.com/v1/tracks/14sl0xieHw1dHet4tIwZWE	0.449
chill	Haunted House	2xNdPH8tSjVdwFP1r2hG30	0	2022	0.949	https://api.spotify.com/v1/audio-analysis/2xNdPH8tSjVdwFP1r2hG30	0.518	113794	0.17	0.000445	9	0.28	-11.299	0	0.0507	82.968	3	https://api.spotify.com/v1/tracks/2xNdPH8tSjVdwFP1r2hG30	0.329
chill	Melle En Kannadi Chillormmayil	0zOuR2n9B6WLV7baOUhVB6	32	2020	0.571	https://api.spotify.com/v1/audio-analysis/0zOuR2n9B6WLV7baOUhVB6	0.389	230832	0.47	0.00000807	3	0.12	-6.264	0	0.0435	77.312	4	https://api.spotify.com/v1/tracks/0zOuR2n9B6WLV7baOUhVB6	0.12
chill	Tangelo	4uswZVKEL0sfEf5QqY1k4w	68	2022	0.737	https://api.spotify.com/v1/audio-analysis/4uswZVKEL0sfEf5QqY1k4w	0.507	217968	0.177	0.0000487	6	0.071	-15.226	1	0.0406	110.985	3	https://api.spotify.com/v1/tracks/4uswZVKEL0sfEf5QqY1k4w	0.401
chill	Cool Girl	1pZV8Qpw5fmOwGY1rx4fOK	0	2022	0.313	https://api.spotify.com/v1/audio-analysis/1pZV8Qpw5fmOwGY1rx4fOK	0.66	199179	0.695	0.00000717	9	0.0752	-7.076	0	0.113	101.997	4	https://api.spotify.com/v1/tracks/1pZV8Qpw5fmOwGY1rx4fOK	0.204
chill	comethru	1YusTMAJRvarZZcVraurvS	0	2022	0.599	https://api.spotify.com/v1/audio-analysis/1YusTMAJRvarZZcVraurvS	0.795	181613	0.18	0	0	0.623	-11.99	1	0.0586	93.956	4	https://api.spotify.com/v1/tracks/1YusTMAJRvarZZcVraurvS	0.628
chill	you were good to me	5OY2AbYA9zyBWpwMr33DZN	0	2022	0.912	https://api.spotify.com/v1/audio-analysis/5OY2AbYA9zyBWpwMr33DZN	0.561	219147	0.0853	0.000027	2	0.112	-15.099	1	0.0404	102.127	4	https://api.spotify.com/v1/tracks/5OY2AbYA9zyBWpwMr33DZN	0.206
chill	No Chill	6J1qFWHFbmMgz0A6o10Xaq	61	2021	0.0548	https://api.spotify.com/v1/audio-analysis/6J1qFWHFbmMgz0A6o10Xaq	0.668	163107	0.597	0	9	0.527	-7.461	0	0.259	102.876	4	https://api.spotify.com/v1/tracks/6J1qFWHFbmMgz0A6o10Xaq	0.637
chill	Malibu Nights	6ezbYiXHzo9WZB03z5dZRn	0	2022	0.702	https://api.spotify.com/v1/audio-analysis/6ezbYiXHzo9WZB03z5dZRn	0.525	286928	0.422	0.00000195	11	0.0853	-11.89	1	0.202	73.766	4	https://api.spotify.com/v1/tracks/6ezbYiXHzo9WZB03z5dZRn	0.191
chill	dancing in the kitchen	7a1WR9DJVuhAHiNgKF3tJv	1	2022	0.0334	https://api.spotify.com/v1/audio-analysis/7a1WR9DJVuhAHiNgKF3tJv	0.646	208809	0.736	0	11	0.0807	-7.658	1	0.0396	94.024	4	https://api.spotify.com/v1/tracks/7a1WR9DJVuhAHiNgKF3tJv	0.28
chill	Yester-Me, Yester-You, Yesterday	34kzsePRFsed0yQqA5z5W3	6	2022	0.0146	https://api.spotify.com/v1/audio-analysis/34kzsePRFsed0yQqA5z5W3	0.569	184360	0.511	0	6	0.0703	-5.449	1	0.0247	100.506	4	https://api.spotify.com/v1/tracks/34kzsePRFsed0yQqA5z5W3	0.599
chill	you were good to me	42i8hrEmWtjn8TV9ym6FJr	0	2022	0.912	https://api.spotify.com/v1/audio-analysis/42i8hrEmWtjn8TV9ym6FJr	0.561	219147	0.0853	0.000027	2	0.112	-15.099	1	0.0404	102.127	4	https://api.spotify.com/v1/tracks/42i8hrEmWtjn8TV9ym6FJr	0.206
chill	scared	1SgBsdpGGX0EIoyCJEltAd	2	2022	0.933	https://api.spotify.com/v1/audio-analysis/1SgBsdpGGX0EIoyCJEltAd	0.484	207520	0.0751	0.00000136	5	0.111	-15.843	1	0.116	58.131	4	https://api.spotify.com/v1/tracks/1SgBsdpGGX0EIoyCJEltAd	0.344
chill	Kiven Mukhre Ton (Chill Piano Version)	0w8Ee03qPqIquy771ma0rf	48	2021	0.911	https://api.spotify.com/v1/audio-analysis/0w8Ee03qPqIquy771ma0rf	0.409	197000	0.223	0	11	0.102	-10.555	0	0.0315	94.908	4	https://api.spotify.com/v1/tracks/0w8Ee03qPqIquy771ma0rf	0.346
chill	Hallucination	1M6McQNvZuYHT8I82MSsRb	51	2022	0.0121	https://api.spotify.com/v1/audio-analysis/1M6McQNvZuYHT8I82MSsRb	0.687	174795	0.788	0	6	0.358	-5.142	0	0.0352	123.02	4	https://api.spotify.com/v1/tracks/1M6McQNvZuYHT8I82MSsRb	0.669
chill	Veyil Chilla	1ERbutWuRYN4m6yrSPXrtZ	39	2013	0.176	https://api.spotify.com/v1/audio-analysis/1ERbutWuRYN4m6yrSPXrtZ	0.652	320993	0.528	0.0000452	0	0.115	-9.289	0	0.0391	138.079	4	https://api.spotify.com/v1/tracks/1ERbutWuRYN4m6yrSPXrtZ	0.245
chill	Colourblind	4XVn0veKZiVRGSCOy2Pxy9	1	2022	0.729	https://api.spotify.com/v1/audio-analysis/4XVn0veKZiVRGSCOy2Pxy9	0.49	206094	0.155	0	9	0.0747	-9.997	0	0.0374	98.081	4	https://api.spotify.com/v1/tracks/4XVn0veKZiVRGSCOy2Pxy9	0.117
chill	Zara Zara - LoFi Chill	3cOLXPkejBm5beqqN71nqi	39	2022	0.581	https://api.spotify.com/v1/audio-analysis/3cOLXPkejBm5beqqN71nqi	0.583	387716	0.308	0.0106	7	0.257	-18.303	0	0.0465	118.226	4	https://api.spotify.com/v1/tracks/3cOLXPkejBm5beqqN71nqi	0.241
chill	Interstate 10	6dS8z8STYnmRnjFwdwsgXI	2	2022	0.167	https://api.spotify.com/v1/audio-analysis/6dS8z8STYnmRnjFwdwsgXI	0.831	197668	0.489	0	2	0.204	-7.212	1	0.344	101.985	4	https://api.spotify.com/v1/tracks/6dS8z8STYnmRnjFwdwsgXI	0.0676
chill	The Girl Who Fell From The Sky (Laputa)	6VcyHKX0tZvwFYtgJL7IcX	65	2021	0.972	https://api.spotify.com/v1/audio-analysis/6VcyHKX0tZvwFYtgJL7IcX	0.542	91726	0.479	0.647	0	0.171	-15.033	0	0.039	132.96	4	https://api.spotify.com/v1/tracks/6VcyHKX0tZvwFYtgJL7IcX	0.217
chill	Poster Child	4ILJxejqqWk4y8oWsxYDtE	75	2022	0.0467	https://api.spotify.com/v1/audio-analysis/4ILJxejqqWk4y8oWsxYDtE	0.714	318422	0.784	0.00824	7	0.124	-5.423	1	0.0528	165.229	4	https://api.spotify.com/v1/tracks/4ILJxejqqWk4y8oWsxYDtE	0.72
chill	Just Chillin'	3CBjUAqkakd5s9rpCf8wCG	56	2020	0.106	https://api.spotify.com/v1/audio-analysis/3CBjUAqkakd5s9rpCf8wCG	0.748	150361	0.424	0.8	3	0.109	-10.361	0	0.281	165.992	4	https://api.spotify.com/v1/tracks/3CBjUAqkakd5s9rpCf8wCG	0.444
chill	A Different Kind Of Human	6lyN8vUHj5ysBj8mxJuqpq	0	2022	0.801	https://api.spotify.com/v1/audio-analysis/6lyN8vUHj5ysBj8mxJuqpq	0.33	241106	0.223	0.000502	8	0.0605	-14.198	1	0.0577	89.498	3	https://api.spotify.com/v1/tracks/6lyN8vUHj5ysBj8mxJuqpq	0.112
chill	Netflix & Chill	31m40qBxoj4iMSnQLkq8nP	60	2019	0.137	https://api.spotify.com/v1/audio-analysis/31m40qBxoj4iMSnQLkq8nP	0.859	221818	0.619	0	6	0.0933	-9.434	1	0.121	132.01	4	https://api.spotify.com/v1/tracks/31m40qBxoj4iMSnQLkq8nP	0.631
chill	Bachpan Ka Pyaar	71E0VNvuTk9g04lhIDCW79	0	2022	0.125	https://api.spotify.com/v1/audio-analysis/71E0VNvuTk9g04lhIDCW79	0.596	183000	0.51	0.00000137	7	0.12	-10.854	0	0.331	180.015	3	https://api.spotify.com/v1/tracks/71E0VNvuTk9g04lhIDCW79	0.912
chill	Hosh	4U4wVwT09zlY5yfHec1fXL	0	2022	0.215	https://api.spotify.com/v1/audio-analysis/4U4wVwT09zlY5yfHec1fXL	0.644	240000	0.852	0.00000146	7	0.128	-4.749	0	0.0502	132.996	4	https://api.spotify.com/v1/tracks/4U4wVwT09zlY5yfHec1fXL	0.273
chill	Lofi Rain	0bUYgpgrUaoFouvS0vf6qe	65	2020	0.933	https://api.spotify.com/v1/audio-analysis/0bUYgpgrUaoFouvS0vf6qe	0.532	120000	0.208	0.929	0	0.102	-17.916	1	0.0409	80.021	4	https://api.spotify.com/v1/tracks/0bUYgpgrUaoFouvS0vf6qe	0.366
chill	Breathe - CamelPhat Just Chill Mix	6omsLkEQDeDHtILgj3Vkmn	56	2019	0.0694	https://api.spotify.com/v1/audio-analysis/6omsLkEQDeDHtILgj3Vkmn	0.534	271488	0.758	0.0462	9	0.0838	-7.205	0	0.041	97.968	4	https://api.spotify.com/v1/tracks/6omsLkEQDeDHtILgj3Vkmn	0.334
chill	Afterlife - Chilled Mix	3G9MXFijXiqbZGNAuNfOUs	58	2020	0.0519	https://api.spotify.com/v1/audio-analysis/3G9MXFijXiqbZGNAuNfOUs	0.797	209492	0.612	0.000024	3	0.106	-6.369	0	0.0462	117.977	4	https://api.spotify.com/v1/tracks/3G9MXFijXiqbZGNAuNfOUs	0.379
chill	450	1F0ww25lOcWtwTsco1vYWM	73	2020	0.226	https://api.spotify.com/v1/audio-analysis/1F0ww25lOcWtwTsco1vYWM	0.871	197077	0.715	0	6	0.346	-7.732	0	0.226	129.945	4	https://api.spotify.com/v1/tracks/1F0ww25lOcWtwTsco1vYWM	0.925
chill	BMW	0DeCgH8St1bnHVry9gecMp	74	2022	0.448	https://api.spotify.com/v1/audio-analysis/0DeCgH8St1bnHVry9gecMp	0.726	213880	0.818	0	1	0.331	-5.538	0	0.136	138.01	4	https://api.spotify.com/v1/tracks/0DeCgH8St1bnHVry9gecMp	0.829
chill	Stuck In A Dream	7GMTuVdC9iCF7ofqB5Ikks	4	2022	0.444	https://api.spotify.com/v1/audio-analysis/7GMTuVdC9iCF7ofqB5Ikks	0.753	123560	0.652	0	10	0.117	-5.943	0	0.0753	139.962	4	https://api.spotify.com/v1/tracks/7GMTuVdC9iCF7ofqB5Ikks	0.745
chill	Sheesh!	2KUgUybEcbarjIqdoTir1S	0	2022	0.161	https://api.spotify.com/v1/audio-analysis/2KUgUybEcbarjIqdoTir1S	0.743	148847	0.832	0	5	0.0925	-3.937	1	0.0611	149.951	4	https://api.spotify.com/v1/tracks/2KUgUybEcbarjIqdoTir1S	0.801
chill	Come With Me	7rBfktuJ9GXUDMqEgGpTMM	1	2022	0.16	https://api.spotify.com/v1/audio-analysis/7rBfktuJ9GXUDMqEgGpTMM	0.876	209732	0.565	0.0284	11	0.114	-6.569	0	0.0333	111.936	4	https://api.spotify.com/v1/tracks/7rBfktuJ9GXUDMqEgGpTMM	0.931
chill	Yellow	3S9kCBYnWg7jSSV1XAYL6Q	69	2020	0.881	https://api.spotify.com/v1/audio-analysis/3S9kCBYnWg7jSSV1XAYL6Q	0.486	102452	0.376	0.00312	10	0.129	-13.707	1	0.0404	90.236	4	https://api.spotify.com/v1/tracks/3S9kCBYnWg7jSSV1XAYL6Q	0.0892
chill	A Chillar A Otra Parte - En Vivo	5akA913mHKOhvSJaHaUVH2	0	2022	0.174	https://api.spotify.com/v1/audio-analysis/5akA913mHKOhvSJaHaUVH2	0.405	224627	0.841	0	0	0.385	-5.473	1	0.235	174.519	4	https://api.spotify.com/v1/tracks/5akA913mHKOhvSJaHaUVH2	0.67
chill	No Chill (feat. Mr T Lexify)	47fIyWY81h5QmLA1aUj7rv	56	2015	0.048	https://api.spotify.com/v1/audio-analysis/47fIyWY81h5QmLA1aUj7rv	0.56	252682	0.695	0.946	7	0.088	-7.039	0	0.0342	149.997	4	https://api.spotify.com/v1/tracks/47fIyWY81h5QmLA1aUj7rv	0.15
chill	Why	25nmRt6T8wBrwVKVGgTnV9	0	2022	0.168	https://api.spotify.com/v1/audio-analysis/25nmRt6T8wBrwVKVGgTnV9	0.633	171096	0.557	0	11	0.0671	-4.917	0	0.203	89.669	4	https://api.spotify.com/v1/tracks/25nmRt6T8wBrwVKVGgTnV9	0.622
chill	Let It Go	5tGqgO0TOhm7J599LoMLFh	3	2022	0.798	https://api.spotify.com/v1/audio-analysis/5tGqgO0TOhm7J599LoMLFh	0.567	261533	0.308	0.000019	1	0.104	-10.333	1	0.0284	147.549	4	https://api.spotify.com/v1/tracks/5tGqgO0TOhm7J599LoMLFh	0.294
chill	Love	7jEyvfEbAbLpLXgpJWpSb4	0	2022	0.0635	https://api.spotify.com/v1/audio-analysis/7jEyvfEbAbLpLXgpJWpSb4	0.71	204653	0.573	0.0000162	0	0.199	-8.013	1	0.0315	78.992	4	https://api.spotify.com/v1/tracks/7jEyvfEbAbLpLXgpJWpSb4	0.595
chill	Chilango Blues	4w4n7KKGWAorFuXeJ8uKqm	2	2022	0.582	https://api.spotify.com/v1/audio-analysis/4w4n7KKGWAorFuXeJ8uKqm	0.603	227867	0.472	0.0269	2	0.107	-6.005	0	0.0248	88.043	4	https://api.spotify.com/v1/tracks/4w4n7KKGWAorFuXeJ8uKqm	0.379
chill	Paisaje Japonés	6sc6Sh4MQuNMjo02tHzWor	1	2022	0.725	https://api.spotify.com/v1/audio-analysis/6sc6Sh4MQuNMjo02tHzWor	0.524	204733	0.361	0.00385	0	0.0975	-6.21	1	0.0406	172.002	3	https://api.spotify.com/v1/tracks/6sc6Sh4MQuNMjo02tHzWor	0.203
chill	CHARGER	0ZHSbNRrrfAs8hwEuecJM6	60	2022	0.194	https://api.spotify.com/v1/audio-analysis/0ZHSbNRrrfAs8hwEuecJM6	0.784	113558	0.724	0.0000113	11	0.328	-4.803	1	0.106	160.037	4	https://api.spotify.com/v1/tracks/0ZHSbNRrrfAs8hwEuecJM6	0.963
chill	Baarish Ki Jaaye	7thRoIR62rC2hCeDWI69CL	0	2022	0.319	https://api.spotify.com/v1/audio-analysis/7thRoIR62rC2hCeDWI69CL	0.524	251429	0.765	0	3	0.332	-2.625	0	0.184	157.487	3	https://api.spotify.com/v1/tracks/7thRoIR62rC2hCeDWI69CL	0.475
chill	Luna - En Vivo	0b9g17R4Lj4g3aGe8X1zSM	3	2022	0.136	https://api.spotify.com/v1/audio-analysis/0b9g17R4Lj4g3aGe8X1zSM	0.216	280419	0.461	0.000575	9	0.754	-9.34	0	0.0313	180.012	3	https://api.spotify.com/v1/tracks/0b9g17R4Lj4g3aGe8X1zSM	0.149
chill	Soñé - En Vivo	27oPSb2xjk9Pf40g7kz9ZC	1	2022	0.141	https://api.spotify.com/v1/audio-analysis/27oPSb2xjk9Pf40g7kz9ZC	0.634	232610	0.472	0.0115	2	0.993	-7.541	1	0.0264	83.007	4	https://api.spotify.com/v1/tracks/27oPSb2xjk9Pf40g7kz9ZC	0.535
chill	Arrullo De Estrellas	5kHUh0O9qQKriQgzIJnYZk	2	2022	0.324	https://api.spotify.com/v1/audio-analysis/5kHUh0O9qQKriQgzIJnYZk	0.462	252987	0.765	0.231	5	0.0757	-7.011	1	0.036	81.513	4	https://api.spotify.com/v1/tracks/5kHUh0O9qQKriQgzIJnYZk	0.399
chill	How Far I'll Go	3TeDrql1cmJPIoo7fE39Hj	59	2018	0.996	https://api.spotify.com/v1/audio-analysis/3TeDrql1cmJPIoo7fE39Hj	0.491	189449	0.102	0.962	4	0.0745	-24.108	1	0.0622	73.377	4	https://api.spotify.com/v1/tracks/3TeDrql1cmJPIoo7fE39Hj	0.0895
chill	Tryin' - Chill House	22epPcE6Y7GwJGmPQbtOtC	52	2021	0.000547	https://api.spotify.com/v1/audio-analysis/22epPcE6Y7GwJGmPQbtOtC	0.786	202302	0.738	0.884	5	0.105	-11.706	1	0.0642	106.926	4	https://api.spotify.com/v1/tracks/22epPcE6Y7GwJGmPQbtOtC	0.294
chill	REEL IT IN	12T2pC4HncLwE3poXLuYEL	3	2022	0.073	https://api.spotify.com/v1/audio-analysis/12T2pC4HncLwE3poXLuYEL	0.754	121347	0.342	0	10	0.193	-8.677	0	0.0991	128.981	4	https://api.spotify.com/v1/tracks/12T2pC4HncLwE3poXLuYEL	0.423
chill	HICCUP	4Zl91IKPeScIrj99zJ41sX	1	2022	0.0755	https://api.spotify.com/v1/audio-analysis/4Zl91IKPeScIrj99zJ41sX	0.74	179307	0.408	0	8	0.152	-9.595	1	0.224	74.991	4	https://api.spotify.com/v1/tracks/4Zl91IKPeScIrj99zJ41sX	0.615
